CAMPAIGN_NAME,CAMPAIGN_TYPE,OBJECTIVE,TOTAL_ORDERS,AVG_DISCOUNT_PERCENTAGE
Transition Integrated Architectures,DISCOUNT,RETENTION,5489,8.89
Matrix Turn-Key Supply-Chains,AWARENESS,BRAND AWARENESS,2212,3.18
Whiteboard Distributed Deliverables,DISCOUNT,RETENTION,5627,6.04
Engage Magnetic Technologies,AWARENESS,BRAND AWARENESS,3124,2.19
Strategize Front-End Bandwidth,PROMOTIONAL,RETENTION,4863,6.07
Implement Strategic Markets,PROMOTIONAL,BRAND AWARENESS,3242,6.07
Unleash Best-Of-Breed Web Services,LOYALTY,ACQUISITION,6371,4.91
Generate Dynamic Eyeballs,PROMOTIONAL,BRAND AWARENESS,3731,8.84
Enhance User-Centric Users,DISCOUNT,BRAND AWARENESS,3069,8.3
Repurpose Ubiquitous Web Services,PROMOTIONAL,ACQUISITION,5949,6.59
Enable Turn-Key Niches,AWARENESS,ACQUISITION,3341,3.13
Synergize Collaborative Deliverables,PROMOTIONAL,ENGAGEMENT,3799,6.18
Iterate Dot-Com Users,AWARENESS,ACQUISITION,3977,2.5
Maximize Distributed Markets,PROMOTIONAL,RETENTION,3633,6.27
Leverage Leading-Edge Eyeballs,DISCOUNT,BRAND AWARENESS,2303,6.74
Scale Sticky Communities,PROMOTIONAL,BRAND AWARENESS,3081,5.45
Orchestrate Cutting-Edge Technologies,DISCOUNT,ENGAGEMENT,3325,7.07
Syndicate Best-Of-Breed Architectures,LOYALTY,ENGAGEMENT,4053,4.62
Facilitate Open-Source Functionalities,DISCOUNT,ACQUISITION,4603,10.33
Synthesize Seamless Partnerships,AWARENESS,RETENTION,2269,1.73
Embrace Web-Enabled Bandwidth,AWARENESS,ENGAGEMENT,3756,3.0
Iterate Transparent Schemas,AWARENESS,ACQUISITION,3555,1.85
Matrix B2b Eyeballs,LOYALTY,RETENTION,4848,4.25
Deploy Holistic Technologies,LOYALTY,ACQUISITION,4263,5.29
Empower Out-Of-The-Box Functionalities,DISCOUNT,BRAND AWARENESS,3024,7.71
Architect Clicks-And-Mortar Schemas,AWARENESS,ACQUISITION,3859,2.12
Monetize User-Centric Users,AWARENESS,BRAND AWARENESS,1656,2.3
Deploy Front-End Content,LOYALTY,ACQUISITION,5527,5.02
Matrix Front-End Web-Readiness,LOYALTY,RETENTION,4420,4.08
Cultivate Back-End E-Markets,LOYALTY,RETENTION,4618,4.71
Deploy Extensible E-Tailers,AWARENESS,ACQUISITION,3216,2.68
Monetize Vertical Bandwidth,AWARENESS,RETENTION,4958,2.33
Scale Vertical Partnerships,DISCOUNT,RETENTION,5022,10.13
Re-Contextualize Bricks-And-Clicks Niches,AWARENESS,ACQUISITION,2805,2.97
Strategize Back-End Architectures,LOYALTY,ACQUISITION,5840,3.22
Aggregate Clicks-And-Mortar Metrics,AWARENESS,ACQUISITION,2658,2.75
Innovate Integrated Partnerships,LOYALTY,BRAND AWARENESS,3293,4.13
Empower End-To-End Architectures,AWARENESS,RETENTION,1818,3.08
Cultivate Interactive Infrastructures,AWARENESS,RETENTION,2338,2.26
Scale Synergistic E-Business,DISCOUNT,BRAND AWARENESS,3476,7.5
Streamline Collaborative Functionalities,PROMOTIONAL,RETENTION,5575,6.06
Architect Plug-And-Play E-Commerce,DISCOUNT,ENGAGEMENT,4202,8.64
Orchestrate Collaborative Models,PROMOTIONAL,ENGAGEMENT,4007,4.65
Re-Contextualize Innovative Networks,PROMOTIONAL,BRAND AWARENESS,3209,5.37
Visualize Web-Enabled Web Services,PROMOTIONAL,ACQUISITION,4328,5.25
Synthesize Robust Convergence,AWARENESS,BRAND AWARENESS,1893,2.33
Reinvent Clicks-And-Mortar Functionalities,AWARENESS,RETENTION,3053,3.54
Repurpose Innovative Applications,DISCOUNT,ACQUISITION,6677,8.11
Morph Dynamic Markets,AWARENESS,ENGAGEMENT,3007,2.03
Strategize Interactive Markets,LOYALTY,BRAND AWARENESS,2450,5.17
Reinvent Innovative Relationships,AWARENESS,ENGAGEMENT,2994,3.71
Harness Ubiquitous Bandwidth,LOYALTY,RETENTION,4558,5.25
Unleash Bricks-And-Clicks E-Tailers,LOYALTY,BRAND AWARENESS,2914,3.56
Mesh Rich Methodologies,PROMOTIONAL,BRAND AWARENESS,3654,5.24
Generate Robust Supply-Chains,LOYALTY,BRAND AWARENESS,3644,5.41
Cultivate One-To-One Niches,DISCOUNT,ACQUISITION,6447,6.81
Target B2b Initiatives,LOYALTY,ACQUISITION,4674,4.86
Innovate Synergistic Partnerships,PROMOTIONAL,BRAND AWARENESS,3205,6.29
Implement Bricks-And-Clicks Bandwidth,LOYALTY,ENGAGEMENT,4062,3.95
Incentivize Cross-Platform Mindshare,AWARENESS,BRAND AWARENESS,2824,2.63
Revolutionize Clicks-And-Mortar Methodologies,LOYALTY,ENGAGEMENT,3641,2.41
Cultivate Back-End Functionalities,AWARENESS,BRAND AWARENESS,2186,2.15
Enable 24/7 Applications,PROMOTIONAL,ENGAGEMENT,3419,5.43
Utilize Vertical Systems,LOYALTY,ACQUISITION,4423,3.74
Facilitate Open-Source Vortals,PROMOTIONAL,ENGAGEMENT,4557,7.0
Revolutionize Magnetic Communities,LOYALTY,ACQUISITION,6215,3.62
Synergize Distributed Interfaces,DISCOUNT,ENGAGEMENT,4022,7.12
Syndicate Ubiquitous Experiences,LOYALTY,BRAND AWARENESS,3632,4.65
Transform Turn-Key Channels,LOYALTY,ENGAGEMENT,4077,5.52
Target Granular Architectures,DISCOUNT,BRAND AWARENESS,2962,5.97
Architect Real-Time Mindshare,LOYALTY,ENGAGEMENT,4077,5.34
Re-Contextualize Granular Networks,AWARENESS,BRAND AWARENESS,3133,2.66
Syndicate Rich Convergence,AWARENESS,RETENTION,3403,2.17
Visualize Back-End Schemas,AWARENESS,RETENTION,4721,2.89
Streamline Compelling Eyeballs,DISCOUNT,BRAND AWARENESS,1757,7.87
Re-Contextualize E-Business Relationships,DISCOUNT,BRAND AWARENESS,3857,6.94
Mesh Strategic Bandwidth,AWARENESS,ENGAGEMENT,2836,2.69
Re-Contextualize Strategic Users,DISCOUNT,BRAND AWARENESS,3173,7.19
Drive 24/365 Convergence,PROMOTIONAL,BRAND AWARENESS,3401,5.74
Monetize One-To-One Relationships,DISCOUNT,BRAND AWARENESS,2143,8.41
Expedite Compelling Applications,PROMOTIONAL,BRAND AWARENESS,3249,6.96
Mesh Next-Generation Markets,LOYALTY,BRAND AWARENESS,3356,3.74
Synergize Clicks-And-Mortar Partnerships,LOYALTY,RETENTION,5752,5.98
Optimize Dot-Com Metrics,LOYALTY,BRAND AWARENESS,2982,3.27
Repurpose Magnetic E-Services,DISCOUNT,BRAND AWARENESS,2862,7.46
Empower Cross-Platform Paradigms,AWARENESS,BRAND AWARENESS,2012,2.95
Morph Out-Of-The-Box Architectures,DISCOUNT,ENGAGEMENT,4753,7.96
Incubate Proactive E-Tailers,DISCOUNT,RETENTION,5335,6.91
Redefine Scalable Vortals,PROMOTIONAL,ENGAGEMENT,3761,5.47
Morph World-Class Solutions,PROMOTIONAL,BRAND AWARENESS,3606,5.23
Target Vertical Relationships,AWARENESS,RETENTION,3512,2.36
E-Enable Extensible E-Commerce,LOYALTY,RETENTION,5426,5.13
Generate Web-Enabled Vortals,AWARENESS,ENGAGEMENT,2310,2.83
Transform Compelling Niches,PROMOTIONAL,ACQUISITION,5251,5.07
E-Enable Plug-And-Play Web Services,DISCOUNT,BRAND AWARENESS,3117,8.68
Monetize Innovative Communities,LOYALTY,RETENTION,3867,4.77
Facilitate Dynamic Supply-Chains,PROMOTIONAL,BRAND AWARENESS,3500,6.32
Visualize Rich Action-Items,PROMOTIONAL,ACQUISITION,5723,6.17
Evolve Proactive E-Tailers,LOYALTY,RETENTION,4808,4.01
Envisioneer World-Class Mindshare,AWARENESS,ENGAGEMENT,2622,2.38
Exploit Holistic Interfaces,AWARENESS,ACQUISITION,2482,3.03
Reinvent 24/365 Action-Items,PROMOTIONAL,ACQUISITION,5176,6.15
Expedite End-To-End Initiatives,LOYALTY,BRAND AWARENESS,3057,4.55
Transition Seamless Eyeballs,AWARENESS,ENGAGEMENT,2243,2.71
Incubate Clicks-And-Mortar Functionalities,PROMOTIONAL,ACQUISITION,5384,6.7
Incentivize Cutting-Edge Experiences,LOYALTY,ACQUISITION,5546,4.17
Leverage Value-Added Architectures,AWARENESS,RETENTION,4986,2.93
Transition Innovative Deliverables,AWARENESS,ENGAGEMENT,2895,2.56
Integrate Seamless E-Services,PROMOTIONAL,ACQUISITION,5720,5.46
Enable Next-Generation Schemas,DISCOUNT,RETENTION,4966,8.91
Morph Open-Source Functionalities,DISCOUNT,BRAND AWARENESS,2185,8.59
Morph Rich E-Business,PROMOTIONAL,RETENTION,5015,6.32
Re-Contextualize Viral Schemas,AWARENESS,RETENTION,3482,3.31
Repurpose Front-End Vortals,AWARENESS,ENGAGEMENT,4421,2.67
Engineer End-To-End E-Tailers,DISCOUNT,ENGAGEMENT,3933,8.43
Drive Scalable Technologies,PROMOTIONAL,RETENTION,5255,5.39
Grow Magnetic Vortals,DISCOUNT,ENGAGEMENT,4049,8.01
Engage One-To-One Platforms,PROMOTIONAL,ACQUISITION,4576,5.54
Synergize Web-Enabled Action-Items,PROMOTIONAL,ACQUISITION,6430,5.72
Monetize Intuitive Action-Items,DISCOUNT,BRAND AWARENESS,3815,8.33
Optimize Integrated Platforms,AWARENESS,ENGAGEMENT,3306,2.25
Generate Cross-Media Relationships,PROMOTIONAL,RETENTION,4368,7.38
Morph Cutting-Edge Eyeballs,DISCOUNT,RETENTION,6318,6.47
Transition Scalable Platforms,AWARENESS,ACQUISITION,2494,2.05
Strategize Compelling Portals,AWARENESS,BRAND AWARENESS,2610,3.23
Repurpose Next-Generation Schemas,PROMOTIONAL,BRAND AWARENESS,4425,6.3
Repurpose 24/7 Methodologies,DISCOUNT,BRAND AWARENESS,2751,8.36
Brand Cutting-Edge Deliverables,PROMOTIONAL,RETENTION,4619,6.17
Incentivize Customized Solutions,DISCOUNT,ACQUISITION,5613,7.62
Scale Cutting-Edge Markets,AWARENESS,RETENTION,3017,2.21
Synergize Extensible Experiences,LOYALTY,BRAND AWARENESS,2541,4.62
Leverage Turn-Key Experiences,AWARENESS,BRAND AWARENESS,2326,2.32
Innovate Cross-Platform Systems,PROMOTIONAL,RETENTION,4256,6.45
Grow Sticky Methodologies,PROMOTIONAL,BRAND AWARENESS,3587,5.52
Brand Turn-Key Niches,DISCOUNT,ENGAGEMENT,3394,6.68
Reinvent Leading-Edge Supply-Chains,AWARENESS,ENGAGEMENT,3812,2.5
Utilize Mission-Critical E-Commerce,LOYALTY,BRAND AWARENESS,2869,4.84
Seize Collaborative Content,PROMOTIONAL,ENGAGEMENT,3884,5.18
Deliver 24/365 Deliverables,PROMOTIONAL,ENGAGEMENT,4557,4.96
Synthesize Out-Of-The-Box Technologies,LOYALTY,RETENTION,4017,4.73
Expedite Dynamic Initiatives,AWARENESS,BRAND AWARENESS,2413,2.78
Transition Dynamic Info-Mediaries,AWARENESS,RETENTION,4509,2.4
Scale Distributed Info-Mediaries,PROMOTIONAL,ENGAGEMENT,3122,5.25
Orchestrate Next-Generation E-Tailers,LOYALTY,ENGAGEMENT,3986,4.72
Productize Robust Systems,LOYALTY,ACQUISITION,5445,3.6
Revolutionize Dot-Com Action-Items,AWARENESS,ACQUISITION,4464,1.96
Generate B2c Networks,DISCOUNT,BRAND AWARENESS,2601,6.8
Iterate Virtual Systems,PROMOTIONAL,ACQUISITION,4454,5.47
Envisioneer Proactive Architectures,DISCOUNT,BRAND AWARENESS,3674,8.0
Enable 24/365 Content,DISCOUNT,ENGAGEMENT,4295,9.35
Repurpose User-Centric Users,LOYALTY,BRAND AWARENESS,3310,5.13
Seize Holistic Synergies,AWARENESS,ENGAGEMENT,3009,2.58
Enhance Best-Of-Breed Bandwidth,LOYALTY,BRAND AWARENESS,2913,4.55
Empower Extensible Models,DISCOUNT,BRAND AWARENESS,3498,6.47
Enhance Rich Networks,AWARENESS,BRAND AWARENESS,2449,2.65
Optimize Wireless Communities,PROMOTIONAL,ENGAGEMENT,3652,5.4
Scale Viral Users,AWARENESS,ACQUISITION,5443,2.82
Integrate Dynamic Partnerships,AWARENESS,BRAND AWARENESS,2548,2.24
Extend User-Centric Solutions,PROMOTIONAL,ACQUISITION,4558,6.07
Enhance Integrated Relationships,AWARENESS,ACQUISITION,4351,3.42
Brand Impactful E-Services,AWARENESS,BRAND AWARENESS,1753,2.6
Maximize Wireless Vortals,PROMOTIONAL,RETENTION,5610,5.98
Grow Intuitive Functionalities,PROMOTIONAL,ENGAGEMENT,4762,6.22
Harness Holistic Portals,DISCOUNT,ACQUISITION,4691,7.17
Strategize Front-End Communities,PROMOTIONAL,ACQUISITION,6286,5.83
Optimize Dynamic Initiatives,AWARENESS,BRAND AWARENESS,2515,2.66
Transform World-Class Functionalities,AWARENESS,ENGAGEMENT,3327,2.7
Disintermediate World-Class Experiences,PROMOTIONAL,RETENTION,6423,5.0
Evolve Web-Enabled Networks,LOYALTY,RETENTION,4648,4.58
Cultivate Impactful Communities,AWARENESS,ACQUISITION,3079,2.9
Revolutionize Integrated Partnerships,AWARENESS,ENGAGEMENT,2185,3.38
Monetize Robust Models,PROMOTIONAL,RETENTION,4437,6.44
Engineer Proactive Channels,DISCOUNT,RETENTION,4963,10.14
Morph Magnetic Applications,DISCOUNT,BRAND AWARENESS,3564,6.74
Grow Cross-Media Markets,PROMOTIONAL,RETENTION,5237,6.37
Engineer Robust E-Tailers,LOYALTY,RETENTION,5335,4.69
Expedite Bleeding-Edge Networks,DISCOUNT,ACQUISITION,5527,10.18
Incentivize Mission-Critical Applications,PROMOTIONAL,RETENTION,6098,4.97
Extend Vertical Metrics,PROMOTIONAL,BRAND AWARENESS,3227,4.95
Re-Contextualize Value-Added Channels,LOYALTY,BRAND AWARENESS,4365,4.17
E-Enable Vertical Content,DISCOUNT,RETENTION,5607,5.17
Harness Value-Added Vortals,AWARENESS,RETENTION,2726,2.39
Syndicate Bricks-And-Clicks E-Business,LOYALTY,ENGAGEMENT,3334,4.06
Deliver Virtual Eyeballs,LOYALTY,BRAND AWARENESS,3409,4.66
Brand Intuitive Action-Items,LOYALTY,RETENTION,4662,4.79
Deliver Web-Enabled Relationships,PROMOTIONAL,ACQUISITION,6086,7.2
Utilize Strategic Web Services,AWARENESS,BRAND AWARENESS,2548,3.13
Empower Efficient Solutions,LOYALTY,ACQUISITION,5212,4.18
Generate Dot-Com Eyeballs,DISCOUNT,ENGAGEMENT,3448,6.59
Deliver Turn-Key Portals,PROMOTIONAL,BRAND AWARENESS,2616,6.05
Utilize Innovative E-Tailers,LOYALTY,RETENTION,4519,3.69
Incubate Back-End E-Business,AWARENESS,ENGAGEMENT,3349,3.57
Generate Web-Enabled E-Markets,PROMOTIONAL,BRAND AWARENESS,3460,6.62
Facilitate B2b Metrics,PROMOTIONAL,ENGAGEMENT,3337,5.25
Engineer Viral Infrastructures,DISCOUNT,ACQUISITION,5687,5.65
Synergize Cross-Media Content,PROMOTIONAL,ENGAGEMENT,4304,6.77
Enhance Back-End Info-Mediaries,AWARENESS,ENGAGEMENT,2189,2.6
Monetize Cross-Platform Content,PROMOTIONAL,ACQUISITION,5637,6.67
Brand Viral Niches,DISCOUNT,BRAND AWARENESS,3391,5.78
Visualize User-Centric Content,AWARENESS,BRAND AWARENESS,1660,2.36
Whiteboard Sticky Channels,AWARENESS,ACQUISITION,4082,2.66
Maximize Virtual Schemas,AWARENESS,BRAND AWARENESS,2596,2.64
